Timestamp,CPU %,RAM %,RAM Used (MB),Disk %,GPU Load %,GPU Temp (°C),Download (KB/s),Upload (KB/s)
2026-10-08 11:17:39,71.3,81.0,6539,85.9,0.0,0.0,0,0
2026-10-08 11:17:40,88.6,81.0,6539,85.9,0.0,0.0,0,0
2026-10-08 11:17:42,96.6,82.7,6679,86.0,0.0,0.0,0,0
2026-10-08 11:17:44,92.9,83.8,6766,86.0,0.0,0.0,1,1
2026-10-08 11:17:45,99.4,83.6,6751,86.0,0.0,0.0,1,1
2026-10-08 11:17:48,100.0,82.9,6695,85.9,0.0,0.0,0,0
2026-10-08 11:17:50,89.9,83.1,6707,85.9,0.0,0.0,0,0
2026-10-08 11:22:41,91.4,82.4,6653,86.0,0.0,0.0,0,1
2026-10-08 11:22:43,84.1,81.3,6559,86.0,0.0,0.0,1,2
2026-10-08 11:22:44,72.3,81.2,6555,86.0,0.0,0.0,7,0
